Mean_SPVgeneral,Skew_SPVgeneral,Variance_TA,Skew_TA,Kurtosis_TA,CREDI_TA,Down Hours_TA,Mean_WOF20,Variance_WOF20,Down Hours_WOF20,Days above 25,Days below -2
0.3247478631729756,0.2843123501530379,0.5202159495268818,0.18890305028717974,0.026973071079063653,0.06801350597901934,0.209987037286947,0.39071401082475926,0.2463473968112227,0.19943321408174403,0.2110597428821536,0.4003549386015495
0.3162567694452592,0.1457163832160846,0.028173604151602416,0.4967169406559958,0.01592917446379858,0.4736363170524467,0.24804153206419194,0.001027666940362451,0.08384757298844808,0.07082851697912562,0.4498178921712846,0.36157009382386524
0.22764371545389217,0.425538451551864,0.1425497704225124,0.10984967082342514,0.4138309971455464,0.23073606836886124,0.4915451079087479,0.15434934732150266,0.35635868070733623,0.20213961922339121,0.19963141329179077,0.19252999796691744
0.18695424967494717,0.006843145379847863,0.01408995115926984,0.08625744312494084,0.27821933783638936,0.018601244721483993,0.20116529734581073,0.0728650344518399,0.5325560881674131,0.7150390241265218,0.19074388548764756,0.05053303275630804
0.23315301409105166,0.3774674279072681,0.10746106064644294,0.2831861266116268,0.3702096736307176,0.18194875876516464,0.20994058117660763,0.5097600462864307,0.38377291867537644,0.21925165949510955,0.06471116850666835,0.1943820123330248
0.0699641552880216,0.1823789626046159,0.25065624606024534,0.19352699287777372,0.6323863314317218,0.33183720087004975,0.3382611926698986,0.37520590345282046,0.16765696174414998,0.2431632434004674,0.09151062683547045,0.02686561392158068
